{
    "characters": {
        "Axel SOR4": {
            "Blitz": [
                "Grand Upper",
                "Dragon Roll"
            ],
            "Defensive Special": [
                "Dragon Wing",
                "Dragon Upper"
            ],
            "Offensive Special": [
                "Dragon Smash",
                "Dragon Bite"
            ],
            "Air Special": [
                "Dragon Dive",
                "Dragon Crush"
            ],
            "Starmove": [
                "Dragon Burst",
                "Ultimate Dragon Wing"
            ]
        },
        "Blaze SOR4": {
            "Blitz": [
                "Hishousouzan",
                "Rekkaken"
            ],
            "Defensive Special": [
                "Embukyaku",
                "Uraken Unchi"
            ],
            "Offensive Special": [
                "Kikou Shou",
                "Hien Zan"
            ],
            "Air Special": [
                "Tobi Kyaku",
                "Shin Hishousouzan"
            ],
            "Starmove": [
                "Tamashi Age",
                "Shin Kikou Shou"
            ]
        },
        "Cherry SOR4": {
            "Blitz": [
                "Flying Knee",
                "Sliding Knee"
            ],
            "Defensive Special": [
                "Sound Check",
                "Somersault Kick"
            ],
            "Offensive Special": [
                "Townsend Smash",
                "Neck Break"
            ],
            "Air Special": [
                "Air Townsend Smash",
                "Secial Stage Effects"
            ],
            "Starmove": [
                "Stage Entrance",
                "Tripple Townsend"
            ]
        },
        "Floyd SOR4": {
            "Blitz": [
                "Thunder Twins",
                "Gattling Punch"
            ],
            "Defensive Special": [
                "Thunder Sphere",
                "Thunder Trap"
            ],
            "Offensive Special": [
                "Magnetic Grab",
                "Rakushin Cannon"
            ],
            "Air Special": [
                "Thunder Pounce",
                "Power Slide"
            ],
            "Starmove": [
                "Rakushin Beam",
                "Thunder Dome"
            ]
        },
        "Adam SOR4": {
            "Blitz": [
                "Uzi Punch",
                "Sword Upper"
            ],
            "Defensive Special": [
                "Chopper",
                "Split Fangs"
            ],
            "Offensive Special": [
                "Howl Fang",
                "Sword Smash"
            ],
            "Air Special": [
                "Air Chopper",
                "Slash Kick"
            ],
            "Starmove": [
                "Sword Strike",
                "Lift Off"
            ]
        },
        "Estel SOR4": {
            "Blitz": [
                "Boot Mark",
                "Flying Scythe"
            ],
            "Defensive Special": [
                "Flashbang",
                "Grenade"
            ],
            "Offensive Special": [
                "Police Tackle",
                "Sucker Punch"
            ],
            "Air Special": [
                "Air Grenade",
                "Air Flashbang"
            ],
            "Starmove": [
                "Tactical Support",
                "Surgical Strike"
            ]
        },
        "Max SOR4": {
            "Blitz": [
                "Power Slide",
                "Clothes Lining"
            ],
            "Defensive Special": [
                "Spinning Knuckle Bomb",
                "Spinning Knuckle Vortex"
            ],
            "Offensive Special": [
                "Thunder Tackle",
                "Rolling Grab"
            ],
            "Air Special": [
                "Body Slam",
                "Thunder Strike"
            ],
            "Starmove": [
                "Thunder Strikes",
                "Iron Will"
            ]
        },
        "Shiva SOR4": {
            "Blitz": [
                "Final Crash",
                "Flying Kick"
            ],
            "Defensive Special": [
                "Flaming Circular Kick",
                "Hashinshou"
            ],
            "Offensive Special": [
                "Senretsu Ken",
                "Spirit Palm"
            ],
            "Air Special": [
                "Air Senretsu Ken",
                "Spirit Kick"
            ],
            "Starmove": [
                "Shin Hashinshou",
                "Spirit Dance"
            ]
        },
        "Blaze SOR1": {
            "Starmove": [
                "Police Call",
                "Drill Kick"
            ]
        },
        "Adam SOR1": {
            "Starmove": [
                "Summon Police",
                "Slash Kick"
            ]
        },
        "Axel SOR1": {
            "Starmove": [
                "Summon Police",
                "Pipe Rage"
            ]
        },
        "Skate SOR2": {
            "Blitz": [
                "Flying Headbutt",
                "Inline Rush"
            ],
            "Defensive Special": [
                "Spinning Attack",
                "Cannonball"
            ],
            "Offensive Special": [
                "Corkscrew Kick",
                "Somersault Kick"
            ],
            "Starmove": [
                "Breakdance",
                "Drilling Strike"
            ]
        },
        "Blaze SOR2": {
            "Blitz": [
                "Hishousouzan",
                "Elbow Strike"
            ],
            "Defensive Special": [
                "Embukyaku",
                "Spinning Dive"
            ],
            "Offensive Special": [
                "Kikou Shou",
                "Arial Grab"
            ],
            "Starmove": [
                "Tumbling",
                "Ring of Fire"
            ]
        },
        "Axel SOR2": {
            "Blitz": [
                "Grand Upper",
                "Tiger Knee"
            ],
            "Defensive Special": [
                "Dragon Wing",
                "Tornado Kick"
            ],
            "Offensive Special": [
                "Dragon Smash",
                "Dragon Dash Blow"
            ],
            "Starmove": [
                "Grand Dragon Wing",
                "Spinning Dragon Upper"
            ]
        },
        "Max SOR2": {
            "Blitz": [
                "Sliding Tackle",
                "Power Chop"
            ],
            "Defensive Special": [
                "Spinning Knuckle Bomb",
                "Hammer Slam"
            ],
            "Offensive Special": [
                "Thunder Tackle",
                "Rolling Grab"
            ],
            "Starmove": [
                "Giant Swing",
                "Cyclone Knuckle Bomb"
            ]
        },
        "Axel SOR3": {
            "Blitz": [
                "Grand Upper",
                "Scissor Kicks"
            ],
            "Defensive Special": [
                "Dragon Wing",
                "Spinning Body Blow"
            ],
            "Offensive Special": [
                "Dragon Smash",
                "Dragon Punch"
            ],
            "Starmove": [
                "Spinning Body Smash",
                "Spirit Blade"
            ]
        },
        "Blaze SOR3": {
            "Blitz": [
                "Hishousouzan",
                "Chou Reppa Dan"
            ],
            "Defensive Special": [
                "Embukyaku",
                "Energy Burst"
            ],
            "Offensive Special": [
                "Kikou Shou",
                "Spirit Knife"
            ],
            "Starmove": [
                "Razor Sliding Tackle",
                "Slice and Dice"
            ]
        },
        "Roo SOR3": {
            "Blitz": [
                "Handbreak",
                "Gatling Kick"
            ],
            "Defensive Special": [
                "Somersault Tail Whip",
                "Spinning Kick"
            ],
            "Offensive Special": [
                "Hurricane Kick",
                "Rolling Attack"
            ],
            "Air Special": [
                "Air Tail Whip",
                "Air Rolling Attack"
            ],
            "Starmove": [
                "Here Comes Bruce",
                "Earthquake"
            ]
        },
        "Skate SOR3": {
            "Blitz": [
                "Flying Headbutt",
                "Ground Roll"
            ],
            "Defensive Special": [
                "Spinning Attack",
                "Get Off Me"
            ],
            "Offensive Special": [
                "Skating Fist Fury",
                "Flash Kick"
            ],
            "Starmove": [
                "Ground Roll Smash",
                "Human Cannonball"
            ]
        },
        "Dr_Zan SOR3": {
            "Blitz": [
                "Elbow Smash Shield",
                "The Claw"
            ],
            "Defensive Special": [
                "Shock Treatment",
                "Energy Ball"
            ],
            "Offensive Special": [
                "Electric Grab",
                "Guillotine"
            ],
            "Starmove": [
                "Super Shield Charge",
                "Big Energy Ball"
            ]
        },
        "Shiva SOR3": {
            "Blitz": [
                "Dashing Moon Kick",
                "Dark Dash"
            ],
            "Defensive Special": [
                "Moon Kick",
                "Ki Strike"
            ],
            "Offensive Special": [
                "Final Crash",
                "Diving Moon Kick"
            ],
            "Starmove": [
                "Ultimate Final Crash",
                "Asura Ranbu"
            ]
        }
    }
}
